{
  "model_name": "",
  "target_name": "mu_chieff_median",
  "equation": "((((((x1 * -0.07664490920088875) - -0.5433652710454651) * square((x2 + 0.01956506028854484) * x6)) + 0.09558132682401106) * x4) * -0.6177352360428746) + 0.0673824725463091",
  "complexity": 20.0,
  "train_mse": 1.6949427878414262e-06,
  "test_mse": 9.795004348724594e-07,
  "constant_test_mse": 0.0027694471486057436,
  "linear_test_mse": 0.0008489535909923211,
  "improvement_vs_constant": 0.9996463191451892,
  "improvement_vs_linear": 0.9988462261715301
}